Cluster,PlayTimeHours,SessionsPerWeek,AvgSessionDurationMinutes,InGamePurchases,AchievementsUnlocked,PlayerLevel
0,19.2259323107582,9.34947440978804,91.25090470446321,0.0,25.53748061347579,48.45562640013786
1,8.013194258568797,9.438449552006233,87.02532138683289,0.0,25.91858200233736,77.4407869107908
2,11.897168464511198,9.61421188630491,89.33255813953488,1.0,24.92480620155039,51.00956072351421
3,7.207092995422095,9.889643091745128,91.71097000218963,0.0,24.266257937376835,24.188745347054958
